IP Address,Login Source,Login Date & Time
132.190.92.85,Web,"Apr 27, 2015, 2:46:49 PM"
98.234.17.165,Web,"Jan 3, 2016, 9:30:02 PM"
99.29.58.197,Web,"Aug 5, 2016, 4:44:23 AM"
132.190.92.85,Web,"Nov 20, 2014, 5:16:55 PM"
132.190.92.85,Web,"Sep 28, 2015, 2:50:30 PM"
132.190.92.85,Web,"Oct 20, 2016, 8:48:57 PM"
132.190.92.85,Web,"Apr 5, 2017, 7:59:49 PM"
132.190.92.85,Web,"Feb 5, 2016, 9:12:51 PM"
99.29.58.197,Web,"Aug 10, 2016, 4:37:59 AM"
99.29.58.197,Web,"May 17, 2017, 2:32:44 AM"
99.29.58.197,Web,"Jan 26, 2018, 5:09:47 AM"
132.190.92.85,Web,"Jan 5, 2017, 5:01:35 PM"
132.190.92.85,Web,"Jan 18, 2018, 7:54:44 PM"
99.29.58.197,Web,"May 3, 2016, 3:10:33 AM"
132.190.92.85,Web,"Jul 23, 2015, 2:25:35 PM"
132.190.92.85,Web,"Jan 4, 2016, 4:57:19 PM"
99.29.58.197,Web,"Sep 28, 2015, 4:55:02 AM"
132.190.92.85,Web,"Jun 23, 2015, 2:15:35 PM"
132.190.92.85,Web,"Oct 29, 2014, 8:44:01 PM"
132.190.92.85,Web,"Aug 26, 2015, 3:14:52 PM"
99.29.58.197,Web,"Jul 6, 2016, 2:27:55 AM"
132.190.92.85,Web,"Mar 9, 2016, 8:35:37 PM"
99.29.58.197,Web,"Sep 11, 2016, 12:25:07 AM"
132.190.92.85,Web,"Jan 20, 2015, 10:25:32 PM"
132.190.92.85,Web,"Mar 26, 2015, 6:23:34 PM"
132.190.92.85,Web,"Nov 30, 2015, 4:31:02 PM"
99.29.58.197,Web,"Apr 14, 2016, 3:12:00 AM"
132.190.92.85,Web,"Feb 28, 2017, 2:13:20 AM"
132.190.92.85,Web,"Jan 5, 2016, 11:08:53 PM"
132.190.92.85,Web,"Mar 15, 2018, 8:02:34 PM"
73.189.210.231,Web,"Jan 28, 2020, 4:21:03 AM"
2601:646:c401:79fc:a1ef:44de:5562:4819,Mobile,"Feb 25, 2020, 1:19:37 PM"
199.68.152.135,Web,"Mar 23, 2020, 2:19:25 PM"
73.189.210.231,Web,"Apr 3, 2020, 9:20:22 PM"
199.68.152.135,Web,"May 6, 2020, 7:43:09 PM"
73.189.210.231,Web,"May 31, 2020, 6:58:45 AM"
24.5.92.136,Web,"Jul 28, 2020, 1:01:40 AM"
199.68.152.135,Web,"Sep 14, 2020, 9:49:00 PM"
199.68.152.135,Web,"Oct 15, 2020, 9:59:01 PM"
24.5.92.136,Web,"Nov 1, 2020, 3:31:11 PM"
199.68.152.135,Web,"Nov 10, 2020, 4:22:03 PM"
199.68.152.135,Web,"Feb 23, 2021, 9:56:37 PM"
199.68.152.135,Web,"Mar 25, 2021, 4:41:46 PM"
24.5.92.136,Web,"Apr 1, 2021, 1:58:55 AM"
199.68.152.135,Web,"May 7, 2021, 7:17:24 PM"
24.5.92.136,Web,"Jun 1, 2021, 11:15:26 PM"
199.68.152.135,Web,"Jun 9, 2021, 2:29:13 PM"
199.68.152.135,Web,"Jun 24, 2021, 6:00:14 PM"
24.5.92.136,Web,"Jul 1, 2021, 11:54:53 PM"
199.68.152.135,Web,"Jul 9, 2021, 9:49:43 PM"
199.68.152.135,Web,"Aug 4, 2021, 5:45:01 PM"
24.5.92.136,Web,"Oct 13, 2021, 11:26:46 PM"
199.68.152.135,Web,"Dec 1, 2021, 7:58:28 PM"
50.206.67.126,Web,"Jul 25, 2022, 6:26:27 PM"
2601:647:4600:1798:b108:ec92:e91:a191,Web,"Oct 13, 2022, 3:41:59 AM"
50.206.67.126,Web,"Nov 2, 2022, 7:00:27 PM"
128.177.115.227,Web,"Jun 20, 2023, 2:39:38 PM"
2601:647:4600:1798:9950:b692:456:9959,Web,"Jul 7, 2023, 8:41:10 PM"
2601:647:4600:1798:551d:8dea:58d4:1c10,Web,"Oct 19, 2023, 5:45:29 AM"
107.1.232.42,Web,"Dec 5, 2023, 10:43:25 PM"
174.62.107.193,Web,"Aug 31, 2024, 4:36:38 AM"
